stride,hits_per_kb,bytes,engine,ms_min,ms_median,ms_mean,iters,reps
5,38.2804,1000006,ruby,274.73,284.862,282.414,10,5
5,38.2804,1000006,c_today,176.461,180.729,180.965,10,5
5,38.2804,1000006,glibc_baseline,2360.474,2512.329,2462.001,10,5
5,38.2804,1000006,onigmo,403.756,407.284,408.657,10,5
5,38.2804,1000006,pcre2jit,71.96,73.112,72.951,10,5
5,38.2804,1000006,v7_pipeline,763.078,782.307,779.656,10,5
5,38.2804,1000006,v15,815.029,837.508,834.23,10,5
5,38.2804,1000006,v18,317.14,318.378,318.727,10,5
5,38.2804,1000006,v18_1,183.094,184.064,184.726,10,5
5,38.2804,1000006,v19,151.197,152.472,153.098,10,5
8,34.4202,1000015,ruby,198.499,205.406,204.197,10,5
8,34.4202,1000015,c_today,156.95,159.837,160.073,10,5
8,34.4202,1000015,glibc_baseline,2225.104,2318.652,2298.965,10,5
8,34.4202,1000015,onigmo,369.333,372.442,372.882,10,5
8,34.4202,1000015,pcre2jit,69.526,69.889,70.602,10,5
8,34.4202,1000015,v7_pipeline,661.098,682.301,675.668,10,5
8,34.4202,1000015,v15,714.652,720.581,719.292,10,5
8,34.4202,1000015,v18,306.605,309.622,310.275,10,5
8,34.4202,1000015,v18_1,164.619,167.058,167.503,10,5
8,34.4202,1000015,v19,137.16,137.327,138.215,10,5
12,30.3407,1000024,ruby,171.229,172.057,172.618,10,5
12,30.3407,1000024,c_today,142.331,142.883,142.922,10,5
12,30.3407,1000024,glibc_baseline,2133.131,2216.305,2250.16,10,5
12,30.3407,1000024,onigmo,344.607,373.671,368.225,10,5
12,30.3407,1000024,pcre2jit,65.698,65.98,66.375,10,5
12,30.3407,1000024,v7_pipeline,553.83,557.835,563.728,10,5
12,30.3407,1000024,v15,643.298,654.516,654.617,10,5
12,30.3407,1000024,v18,300.179,312.414,309.289,10,5
12,30.3407,1000024,v18_1,151.35,152.928,153.346,10,5
12,30.3407,1000024,v19,120.343,120.404,121.185,10,5
19,25.1288,1000029,ruby,184.066,186.833,186.415,10,5
19,25.1288,1000029,c_today,120.193,120.452,120.971,10,5
19,25.1288,1000029,glibc_baseline,1788.856,1921.466,1885.383,10,5
19,25.1288,1000029,onigmo,290.523,290.582,291.836,10,5
19,25.1288,1000029,pcre2jit,56.996,57.382,57.48,10,5
19,25.1288,1000029,v7_pipeline,393.603,394.766,395.426,10,5
19,25.1288,1000029,v15,541.24,546.607,545.148,10,5
19,25.1288,1000029,v18,241.858,242.561,242.669,10,5
19,25.1288,1000029,v18_1,127.749,128.238,128.231,10,5
19,25.1288,1000029,v19,103.402,103.593,103.614,10,5
30,19.7874,1000001,ruby,164.014,166.349,165.733,10,5
30,19.7874,1000001,c_today,97.529,98.414,98.362,10,5
30,19.7874,1000001,glibc_baseline,1624.193,1639.135,1638.683,10,5
30,19.7874,1000001,onigmo,249.904,254.708,254.311,10,5
30,19.7874,1000001,pcre2jit,53.673,53.99,54.014,10,5
30,19.7874,1000001,v7_pipeline,286.145,288.456,288.36,10,5
30,19.7874,1000001,v15,496.137,497.511,500.741,10,5
30,19.7874,1000001,v18,234.498,234.824,234.87,10,5
30,19.7874,1000001,v18_1,117.856,118.151,118.384,10,5
30,19.7874,1000001,v19,94.286,95.338,95.578,10,5
47,14.8945,1000025,ruby,173.8,175.964,176.07,10,5
47,14.8945,1000025,c_today,95.666,95.736,95.744,10,5
47,14.8945,1000025,glibc_baseline,1525.341,1538.603,1535.913,10,5
47,14.8945,1000025,onigmo,230.706,233.916,233.716,10,5
47,14.8945,1000025,pcre2jit,49.505,49.651,49.681,10,5
47,14.8945,1000025,v7_pipeline,207.733,208.36,208.421,10,5
47,14.8945,1000025,v15,525.851,526.627,527.979,10,5
47,14.8945,1000025,v18,208.295,211.742,211.335,10,5
47,14.8945,1000025,v18_1,117.457,118.08,118.324,10,5
47,14.8945,1000025,v19,94.544,94.739,94.893,10,5
50,14.2718,1000042,ruby,180.597,184.533,183.257,10,5
50,14.2718,1000042,c_today,97.12,98.559,98.209,10,5
50,14.2718,1000042,glibc_baseline,1554.868,1567.487,1567.16,10,5
50,14.2718,1000042,onigmo,240.772,244.403,243.927,10,5
50,14.2718,1000042,pcre2jit,48.542,48.635,48.637,10,5
50,14.2718,1000042,v7_pipeline,195.574,196.205,196.287,10,5
50,14.2718,1000042,v15,548.05,553.43,552.179,10,5
50,14.2718,1000042,v18,209.003,213.662,212.846,10,5
50,14.2718,1000042,v18_1,119.866,120.518,120.424,10,5
50,14.2718,1000042,v19,97.764,98.122,98.112,10,5
73,10.8074,1000089,ruby,162.962,164.778,164.222,10,5
73,10.8074,1000089,c_today,79.273,79.434,79.505,10,5
73,10.8074,1000089,glibc_baseline,1457.632,1459.93,1462.421,10,5
73,10.8074,1000089,onigmo,200.705,205.441,205.458,10,5
73,10.8074,1000089,pcre2jit,46.832,46.877,46.91,10,5
73,10.8074,1000089,v7_pipeline,151.808,151.862,151.957,10,5
73,10.8074,1000089,v15,428.122,429.651,432.507,10,5
73,10.8074,1000089,v18,197.601,198.98,199.125,10,5
73,10.8074,1000089,v18_1,101.642,102.173,102.055,10,5
73,10.8074,1000089,v19,80.524,80.768,80.801,10,5
114,7.5433,1000097,ruby,160.497,161.959,161.805,10,5
114,7.5433,1000097,c_today,74.723,75.47,75.534,10,5
114,7.5433,1000097,glibc_baseline,1380.054,1387.195,1386.745,10,5
114,7.5433,1000097,onigmo,196.65,197.948,197.88,10,5
114,7.5433,1000097,pcre2jit,44.171,44.264,44.321,10,5
114,7.5433,1000097,v7_pipeline,112.996,113.437,113.652,10,5
114,7.5433,1000097,v15,408.426,408.858,409.559,10,5
114,7.5433,1000097,v18,182.374,182.447,183.386,10,5
114,7.5433,1000097,v18_1,97.181,97.533,97.515,10,5
114,7.5433,1000097,v19,76.914,77.4,77.382,10,5
179,5.1009,1000111,ruby,155.901,158.002,158.108,10,5
179,5.1009,1000111,c_today,70.699,71.176,71.369,10,5
179,5.1009,1000111,glibc_baseline,1297.805,1306.23,1317.36,10,5
179,5.1009,1000111,onigmo,181.224,183.47,184.521,10,5
179,5.1009,1000111,pcre2jit,43.86,44.415,44.497,10,5
179,5.1009,1000111,v7_pipeline,93.189,94.799,95.403,10,5
179,5.1009,1000111,v15,407.335,421.132,422.433,10,5
179,5.1009,1000111,v18,182.39,187.667,189.081,10,5
179,5.1009,1000111,v18_1,105.836,107.754,108.364,10,5
179,5.1009,1000111,v19,82.232,83.082,83.224,10,5
280,3.3935,1000190,ruby,161.565,164.76,165.011,10,5
280,3.3935,1000190,c_today,70.694,72.057,72.102,10,5
280,3.3935,1000190,glibc_baseline,1332.794,1342.67,1341.873,10,5
280,3.3935,1000190,onigmo,167.774,169.093,169.029,10,5
280,3.3935,1000190,pcre2jit,43.856,44.67,44.558,10,5
280,3.3935,1000190,v7_pipeline,76.59,77.623,77.455,10,5
280,3.3935,1000190,v15,374.378,380.215,378.477,10,5
280,3.3935,1000190,v18,177.503,179.615,180.852,10,5
280,3.3935,1000190,v18_1,92.078,94.672,95.192,10,5
280,3.3935,1000190,v19,72.703,73.177,73.489,10,5
437,2.2322,1000411,ruby,158.029,160.533,161.206,10,5
437,2.2322,1000411,c_today,67.422,70.173,70.476,10,5
437,2.2322,1000411,glibc_baseline,1366.154,1413.929,1406.809,10,5
437,2.2322,1000411,onigmo,175.187,179.421,178.608,10,5
437,2.2322,1000411,pcre2jit,46.429,46.467,48.12,10,5
437,2.2322,1000411,v7_pipeline,72.077,72.623,73.901,10,5
437,2.2322,1000411,v15,385.769,391.066,391.369,10,5
437,2.2322,1000411,v18,182.658,183.357,183.861,10,5
437,2.2322,1000411,v18_1,94.433,94.544,94.944,10,5
437,2.2322,1000411,v19,72.923,73.078,73.145,10,5
500,1.9626,1000025,ruby,164.744,166.301,166.625,10,5
500,1.9626,1000025,c_today,69.66,70.745,70.635,10,5
500,1.9626,1000025,glibc_baseline,1360.298,1479.214,1463.671,10,5
500,1.9626,1000025,onigmo,186.318,190.28,189.266,10,5
500,1.9626,1000025,pcre2jit,51.447,52.593,53.293,10,5
500,1.9626,1000025,v7_pipeline,77.002,78.103,78.441,10,5
500,1.9626,1000025,v15,421.167,435.442,433.755,10,5
500,1.9626,1000025,v18,212.617,214.113,214.682,10,5
500,1.9626,1000025,v18_1,100.72,103.041,103.605,10,5
500,1.9626,1000025,v19,77.602,78.216,78.404,10,5
684,1.4509,1000643,ruby,165.459,167.161,167.237,10,5
684,1.4509,1000643,c_today,73.204,76.661,76.548,10,5
684,1.4509,1000643,glibc_baseline,1382.029,1412.44,1435.304,10,5
684,1.4509,1000643,onigmo,185.508,196.369,193.037,10,5
684,1.4509,1000643,pcre2jit,47.042,48.257,48.834,10,5
684,1.4509,1000643,v7_pipeline,67.138,72.336,71.989,10,5
684,1.4509,1000643,v15,407.51,412.608,418.667,10,5
684,1.4509,1000643,v18,207.675,210.171,217.093,10,5
684,1.4509,1000643,v18_1,104.586,108.779,108.14,10,5
684,1.4509,1000643,v19,82.9,86.235,85.388,10,5
1069,0.9388,1000193,ruby,180.095,180.705,184.297,10,5
1069,0.9388,1000193,c_today,73.208,73.643,74.926,10,5
1069,0.9388,1000193,glibc_baseline,1480.897,1511.774,1520.875,10,5
1069,0.9388,1000193,onigmo,179.989,189.496,187.461,10,5
1069,0.9388,1000193,pcre2jit,49.248,50.114,50.653,10,5
1069,0.9388,1000193,v7_pipeline,67.636,69.253,69.425,10,5
1069,0.9388,1000193,v15,430.243,437.824,437.672,10,5
1069,0.9388,1000193,v18,214.118,221.526,221.074,10,5
1069,0.9388,1000193,v18_1,108.856,110.944,111.704,10,5
1069,0.9388,1000193,v19,78.249,80.194,80.706,10,5
1672,0.6046,1000879,ruby,179.865,183.453,183.968,10,5
1672,0.6046,1000879,c_today,76.238,76.617,77.472,10,5
1672,0.6046,1000879,glibc_baseline,1466.747,1506.283,1511.396,10,5
1672,0.6046,1000879,onigmo,176.327,180.804,180.021,10,5
1672,0.6046,1000879,pcre2jit,46.413,48.826,48.54,10,5
1672,0.6046,1000879,v7_pipeline,59.342,63.167,62.944,10,5
1672,0.6046,1000879,v15,428.299,432.04,434.044,10,5
1672,0.6046,1000879,v18,200.163,213.998,209.866,10,5
1672,0.6046,1000879,v18_1,109.774,118.258,116.707,10,5
1672,0.6046,1000879,v19,83.923,84.546,85.471,10,5
2615,0.3884,1001794,ruby,172.428,176.963,176.456,10,5
2615,0.3884,1001794,c_today,73.488,78.909,77.508,10,5
2615,0.3884,1001794,glibc_baseline,1456.686,1499.712,1519.357,10,5
2615,0.3884,1001794,onigmo,173.397,177.779,180.029,10,5
2615,0.3884,1001794,pcre2jit,50.694,54.408,54.29,10,5
2615,0.3884,1001794,v7_pipeline,61.819,63.465,63.227,10,5
2615,0.3884,1001794,v15,399.338,409.708,410.801,10,5
2615,0.3884,1001794,v18,190.545,192.928,192.642,10,5
2615,0.3884,1001794,v18_1,98.719,100.441,102.432,10,5
2615,0.3884,1001794,v19,79.935,82.019,82.581,10,5
4089,0.2491,1002873,ruby,179.028,188.825,187.257,10,5
4089,0.2491,1002873,c_today,75.615,76.355,77.251,10,5
4089,0.2491,1002873,glibc_baseline,1583.753,1640.915,1641.081,10,5
4089,0.2491,1002873,onigmo,192.542,196.898,197.39,10,5
4089,0.2491,1002873,pcre2jit,52.989,56.007,55.212,10,5
4089,0.2491,1002873,v7_pipeline,59.916,62.418,62.197,10,5
4089,0.2491,1002873,v15,401.648,403.879,406.83,10,5
4089,0.2491,1002873,v18,193.74,197.298,198.255,10,5
4089,0.2491,1002873,v18_1,103.215,105.003,104.932,10,5
4089,0.2491,1002873,v19,78.515,80.039,79.813,10,5
5000,0.2039,1004296,ruby,176.9,180.048,180.119,10,5
5000,0.2039,1004296,c_today,72.379,76.188,75.885,10,5
5000,0.2039,1004296,glibc_baseline,1516.191,1535.928,1537.174,10,5
5000,0.2039,1004296,onigmo,173.949,177.675,178.347,10,5
5000,0.2039,1004296,pcre2jit,48.377,48.601,48.756,10,5
5000,0.2039,1004296,v7_pipeline,56.12,57.072,56.97,10,5
5000,0.2039,1004296,v15,399.046,403.415,404.399,10,5
5000,0.2039,1004296,v18,193.298,197.713,197.097,10,5
5000,0.2039,1004296,v18_1,102.371,104.266,103.819,10,5
5000,0.2039,1004296,v19,78.342,78.554,79.12,10,5
6395,0.1596,1000974,ruby,179.448,180.248,181.463,10,5
6395,0.1596,1000974,c_today,74.812,76.404,76.835,10,5
6395,0.1596,1000974,glibc_baseline,1464.018,1467.443,1475.935,10,5
6395,0.1596,1000974,onigmo,171.519,182.947,179.673,10,5
6395,0.1596,1000974,pcre2jit,46.686,46.809,47.294,10,5
6395,0.1596,1000974,v7_pipeline,54.57,55.748,55.986,10,5
6395,0.1596,1000974,v15,398.231,408.702,413.024,10,5
6395,0.1596,1000974,v18,194.413,197.865,198.749,10,5
6395,0.1596,1000974,v18_1,99.949,103.569,103.659,10,5
6395,0.1596,1000974,v19,79.012,82.488,81.709,10,5
10000,0.1022,1002095,ruby,184.319,186.186,186.225,10,5
10000,0.1022,1002095,c_today,72.74,74.297,73.989,10,5
10000,0.1022,1002095,glibc_baseline,1466.172,1477.298,1491.38,10,5
10000,0.1022,1002095,onigmo,174.608,175.596,179.811,10,5
10000,0.1022,1002095,pcre2jit,47.501,48.495,48.854,10,5
10000,0.1022,1002095,v7_pipeline,54.646,55.567,55.342,10,5
10000,0.1022,1002095,v15,391.575,405.75,404.874,10,5
10000,0.1022,1002095,v18,197.507,207.324,206.294,10,5
10000,0.1022,1002095,v18_1,104.624,106.108,106.414,10,5
10000,0.1022,1002095,v19,79.315,79.649,80.779,10,5
